account_id,customer_name,city,age
A100,Sara,Mumbai,19
A101,Rohan,Hyderabad,33
A102,Aisha,Delhi,65
A103,David,Jaipur,23
A104,Vikram,Kolkata,20
A105,John,Mumbai,31
A106,Aisha,Jaipur,56
A107,John,Jaipur,30
A108,Rohan,Jaipur,44
A109,Aisha,Ahmedabad,55
A110,Priya,Chennai,66
A111,Ananya,Delhi,62
A112,Fatima,Pune,35
A113,Rahul,Bengaluru,66
A114,Arjun,Mumbai,23
A115,Fatima,Mumbai,40
A116,Imran,Pune,56
A117,Priya,Chennai,64
A118,Karan,Jaipur,25
A119,Meera,Kolkata,23
A120,Neha,Hyderabad,71
A121,Sara,Kochi,74
A122,Imran,Pune,54
A123,Aisha,Mumbai,20
A124,Sara,Bengaluru,67
A125,Priya,Mumbai,72
A126,Aisha,Mumbai,42
A127,Priya,Ahmedabad,58
A128,Imran,Pune,28
A129,Arjun,Pune,31
A130,Sara,Hyderabad,62
A131,Meera,Mumbai,56
A132,Sara,Delhi,52
A133,Rohan,Bengaluru,28
A134,Karan,Kolkata,35
A135,Meera,Jaipur,32
A136,Sara,Pune,71
A137,Ananya,Chennai,32
A138,Imran,Chennai,69
A139,Arjun,Kolkata,35
A140,David,Bengaluru,54
A141,Meera,Pune,31
A142,Sara,Ahmedabad,43
A143,Meera,Ahmedabad,27
A144,Priya,Delhi,33
A145,Rohan,Jaipur,52
A146,Priya,Kochi,45
A147,Meera,Kochi,43
A148,Arjun,Bengaluru,26
A149,Neha,Ahmedabad,23
A150,Ananya,Chennai,73
A151,David,Delhi,58
A152,Rahul,Kolkata,56
A153,David,Kolkata,42
A154,Vikram,Ahmedabad,51
A155,Priya,Jaipur,73
A156,John,Mumbai,61
A157,Meera,Jaipur,66
A158,Priya,Pune,25
A159,Priya,Kolkata,28
A160,Karan,Chennai,64
A161,Meera,Hyderabad,50
A162,Ananya,Delhi,50
A163,Meera,Mumbai,73
A164,Sara,Hyderabad,71
A165,Sara,Jaipur,56
A166,Aisha,Delhi,41
A167,Ananya,Delhi,52
A168,Ananya,Jaipur,18
A169,Vikram,Pune,49
A170,John,Mumbai,41
A171,Meera,Hyderabad,33
A172,John,Bengaluru,74
A173,Vikram,Mumbai,23
A174,Rohan,Ahmedabad,70
A175,David,Jaipur,67
A176,Rahul,Delhi,60
A177,Karan,Jaipur,28
A178,Priya,Jaipur,73
A179,Vikram,Kolkata,31
A180,Meera,Jaipur,66
A181,Rohan,Bengaluru,63
A182,Priya,Kolkata,60
A183,Sara,Pune,46
A184,Meera,Jaipur,46
A185,David,Bengaluru,32
A186,David,Pune,19
A187,Vikram,Jaipur,32
A188,Vikram,Bengaluru,18
A189,David,Chennai,32
A190,David,Chennai,73
A191,Arjun,Mumbai,50
A192,Aisha,Hyderabad,60
A193,Karan,Bengaluru,52
A194,Rahul,Kochi,54
A195,Karan,Bengaluru,68
A196,Karan,Kolkata,30
A197,David,Mumbai,60
A198,Fatima,Pune,45
A199,Fatima,Ahmedabad,73
A200,Rohan,Chennai,61
A201,Sara,Mumbai,21
A202,Fatima,Pune,69
A203,Imran,Mumbai,33
A204,Aisha,Bengaluru,52
A205,Karan,Delhi,45
A206,Rahul,Hyderabad,47
A207,Aisha,Mumbai,46
A208,Ananya,Jaipur,24
A209,John,Jaipur,71
A210,John,Mumbai,66
A211,Imran,Bengaluru,28
A212,Fatima,Ahmedabad,48
A213,Aisha,Kolkata,75
A214,John,Delhi,42
A215,John,Kolkata,34
A216,Meera,Ahmedabad,36
A217,Fatima,Jaipur,60
A218,Rohan,Ahmedabad,27
A219,Aisha,Hyderabad,31
A220,John,Kochi,65
A221,Neha,Chennai,65
A222,Arjun,Chennai,21
A223,Vikram,Ahmedabad,50
A224,Meera,Jaipur,28
A225,John,Jaipur,23
A226,Imran,Delhi,22
A227,Vikram,Mumbai,61
A228,Imran,Bengaluru,43
A229,David,Kochi,33
A230,Vikram,Kochi,20
A231,Vikram,Mumbai,44
A232,Sara,Kochi,54
A233,Neha,Pune,34
A234,Aisha,Pune,33
A235,Priya,Kolkata,26
A236,Sara,Hyderabad,47
A237,Arjun,Mumbai,18
A238,Karan,Kochi,54
A239,David,Mumbai,52
A240,Aisha,Jaipur,34
A241,Rahul,Pune,74
A242,David,Bengaluru,41
A243,Priya,Delhi,46
A244,Imran,Jaipur,63
A245,Priya,Kochi,69
A246,Sara,Jaipur,18
A247,Sara,Jaipur,37
A248,Meera,Mumbai,74
A249,Rahul,Hyderabad,25
A250,Meera,Mumbai,65
A251,Neha,Delhi,35
A252,Priya,Kochi,31
A253,Rohan,Pune,31
A254,Sara,Hyderabad,50
A255,Karan,Hyderabad,75
A256,Meera,Chennai,23
A257,Sara,Kolkata,71
A258,Priya,Chennai,18
A259,Arjun,Delhi,58
A260,Priya,Delhi,65
A261,Karan,Jaipur,63
A262,Fatima,Jaipur,18
A263,David,Mumbai,74
A264,Rohan,Delhi,52
A265,John,Pune,55
A266,Neha,Delhi,45
A267,Rahul,Chennai,37
A268,Arjun,Chennai,75
A269,Arjun,Bengaluru,61
A270,Aisha,Mumbai,40
A271,Ananya,Jaipur,74
A272,Imran,Kolkata,57
A273,Rohan,Delhi,33
A274,Imran,Delhi,69
A275,Ananya,Delhi,74
A276,Fatima,Chennai,29
A277,Rohan,Pune,68
A278,Meera,Kolkata,69
A279,Sara,Bengaluru,35
A280,Rahul,Mumbai,42
A281,Imran,Chennai,72
A282,Karan,Bengaluru,30
A283,Imran,Ahmedabad,40
A284,Priya,Bengaluru,32
A285,John,Bengaluru,43
A286,Arjun,Hyderabad,73
A287,David,Hyderabad,40
A288,Sara,Jaipur,43
A289,Sara,Jaipur,39
A290,John,Mumbai,74
A291,Priya,Delhi,55
A292,Priya,Chennai,24
A293,Vikram,Kolkata,40
A294,Rohan,Pune,45
A295,Vikram,Jaipur,25
A296,Fatima,Kochi,30
A297,Priya,Chennai,63
A298,Fatima,Chennai,51
A299,Meera,Jaipur,61
A300,Rohan,Bengaluru,41
A301,Fatima,Mumbai,60
A302,Meera,Pune,57
A303,Arjun,Mumbai,64
A304,Meera,Hyderabad,50
A305,Priya,Kolkata,38
A306,Fatima,Hyderabad,53
A307,Rahul,Bengaluru,44
A308,Sara,Kolkata,61
A309,Rohan,Delhi,57
A310,Vikram,Hyderabad,43
A311,Neha,Chennai,37
A312,Priya,Bengaluru,45
A313,Ananya,Kochi,56
A314,Sara,Pune,47
A315,Karan,Ahmedabad,61
A316,Aisha,Jaipur,48
A317,Ananya,Delhi,60
A318,David,Hyderabad,50
A319,Sara,Kochi,39
A320,David,Bengaluru,61
A321,Priya,Bengaluru,69
A322,Aisha,Delhi,19
A323,John,Bengaluru,48
A324,Vikram,Mumbai,47
A325,Fatima,Kochi,30
A326,Rohan,Kolkata,49
A327,Fatima,Bengaluru,27
A328,Sara,Chennai,75
A329,Ananya,Mumbai,67
A330,Fatima,Bengaluru,29
A331,Ananya,Jaipur,47
A332,John,Jaipur,33
A333,Meera,Mumbai,47
A334,Rahul,Ahmedabad,60
A335,Neha,Jaipur,56
A336,Arjun,Ahmedabad,57
A337,Imran,Jaipur,45
A338,Imran,Jaipur,46
A339,Meera,Delhi,65
A340,Imran,Ahmedabad,46
A341,Priya,Bengaluru,71
A342,Sara,Hyderabad,67
A343,Ananya,Jaipur,49
A344,Sara,Bengaluru,35
A345,Karan,Mumbai,63
A346,Priya,Bengaluru,35
A347,Arjun,Pune,75
A348,Neha,Mumbai,26
A349,Rahul,Bengaluru,42
A350,Rohan,Delhi,63
A351,Aisha,Mumbai,44
A352,Fatima,Pune,52
A353,Karan,Kolkata,21
A354,Aisha,Kolkata,42
A355,Meera,Kochi,62
A356,John,Kochi,42
A357,Karan,Chennai,40
A358,Priya,Kolkata,72
A359,Meera,Kolkata,52
A360,Rohan,Jaipur,69
A361,Vikram,Bengaluru,49
A362,Aisha,Hyderabad,45
A363,Karan,Chennai,42
A364,Arjun,Kolkata,64
A365,Rahul,Ahmedabad,26
A366,Vikram,Jaipur,19
A367,Meera,Kolkata,55
A368,Vikram,Chennai,23
A369,Sara,Kolkata,26
A370,Imran,Ahmedabad,29
A371,John,Hyderabad,42
A372,Arjun,Bengaluru,47
A373,Arjun,Pune,66
A374,Meera,Kolkata,35
A375,Ananya,Kolkata,34
A376,Imran,Mumbai,48
A377,John,Jaipur,21
A378,Arjun,Bengaluru,59
A379,David,Chennai,66
A380,John,Bengaluru,30
A381,Imran,Chennai,57
A382,Rahul,Bengaluru,26
A383,Karan,Mumbai,54
A384,Aisha,Ahmedabad,62
A385,Priya,Pune,28
A386,Vikram,Kochi,65
A387,Rohan,Mumbai,67
A388,Imran,Delhi,37
A389,David,Kochi,19
A390,Meera,Hyderabad,54
A391,Sara,Kolkata,43
A392,Rohan,Bengaluru,22
A393,Vikram,Bengaluru,24
A394,Rohan,Hyderabad,72
A395,Sara,Kochi,69
A396,David,Kochi,68
A397,John,Pune,52
A398,Fatima,Pune,22
A399,Neha,Pune,18
A400,Imran,Kolkata,70
A401,Karan,Mumbai,45
A402,Arjun,Ahmedabad,63
A403,Rahul,Kolkata,29
A404,Rohan,Jaipur,59
A405,Priya,Kochi,69
A406,Meera,Jaipur,67
A407,Karan,Ahmedabad,45
A408,Imran,Kochi,35
A409,Arjun,Bengaluru,71
A410,Meera,Mumbai,35
A411,Meera,Ahmedabad,33
A412,Ananya,Ahmedabad,54
A413,Vikram,Kolkata,39
A414,John,Ahmedabad,72
A415,Arjun,Delhi,49
A416,Aisha,Pune,69
A417,Priya,Pune,35
A418,Meera,Kochi,62
A419,Meera,Hyderabad,53
A420,John,Jaipur,30
A421,David,Bengaluru,64
A422,Fatima,Ahmedabad,53
A423,Ananya,Bengaluru,62
A424,Karan,Ahmedabad,46
A425,Ananya,Chennai,23
A426,Priya,Bengaluru,43
A427,Rohan,Bengaluru,37
A428,Sara,Kochi,41
A429,Karan,Jaipur,51
A430,Arjun,Kolkata,65
A431,Neha,Pune,40
A432,Rohan,Ahmedabad,35
A433,Priya,Hyderabad,32
A434,David,Bengaluru,38
A435,David,Jaipur,66
A436,Rohan,Delhi,30
A437,Aisha,Ahmedabad,35
A438,Rohan,Kochi,66
A439,Neha,Kochi,36
A440,David,Bengaluru,36
A441,Aisha,Pune,29
A442,Priya,Chennai,63
A443,Neha,Delhi,35
A444,John,Chennai,53
A445,Priya,Delhi,58
A446,Imran,Ahmedabad,24
A447,Imran,Chennai,54
A448,Priya,Ahmedabad,48
A449,Karan,Pune,29
A450,John,Hyderabad,73
A451,Karan,Mumbai,70
A452,David,Kolkata,49
A453,David,Kochi,58
A454,Sara,Chennai,27
A455,Rahul,Kochi,37
A456,David,Bengaluru,25
A457,Neha,Kolkata,56
A458,Vikram,Kochi,32
A459,Ananya,Jaipur,42
A460,Karan,Ahmedabad,37
A461,Imran,Kochi,45
A462,Priya,Kochi,57
A463,John,Kochi,65
A464,David,Bengaluru,58
A465,Aisha,Hyderabad,60
A466,David,Delhi,33
A467,Rahul,Jaipur,22
A468,Rahul,Chennai,44
A469,Karan,Kochi,48
A470,Priya,Chennai,32
A471,Priya,Hyderabad,62
A472,Imran,Ahmedabad,22
A473,Sara,Bengaluru,34
A474,Ananya,Kochi,60
A475,Ananya,Bengaluru,45
A476,David,Jaipur,32
A477,Sara,Delhi,35
A478,Imran,Delhi,22
A479,John,Delhi,68
A480,Priya,Kochi,65
A481,Imran,Kochi,36
A482,Karan,Mumbai,47
A483,Rohan,Hyderabad,62
A484,Fatima,Hyderabad,50
A485,Neha,Ahmedabad,46
A486,David,Kochi,20
A487,Meera,Kolkata,65
A488,Arjun,Kochi,34
A489,John,Mumbai,32
A490,Sara,Kochi,55
A491,John,Hyderabad,54
A492,John,Delhi,48
A493,Neha,Ahmedabad,35
A494,Rahul,Kochi,45
A495,Sara,Ahmedabad,23
A496,Karan,Pune,44
A497,Arjun,Pune,60
A498,David,Delhi,39
A499,Fatima,Ahmedabad,36
A500,Sara,Kolkata,70
A501,Ananya,Jaipur,20
A502,Karan,Mumbai,38
A503,Priya,Pune,25
A504,Ananya,Kolkata,73
A505,Neha,Chennai,60
A506,Imran,Jaipur,47
A507,Fatima,Chennai,30
A508,Neha,Pune,57
A509,Ananya,Ahmedabad,58
A510,Karan,Chennai,31
A511,Priya,Jaipur,26
A512,Meera,Hyderabad,46
A513,Meera,Ahmedabad,25
A514,John,Kochi,69
A515,Aisha,Delhi,37
A516,Neha,Chennai,53
A517,Fatima,Mumbai,32
A518,Imran,Mumbai,47
A519,David,Delhi,49
A520,Meera,Hyderabad,50
A521,Rohan,Hyderabad,44
A522,Imran,Ahmedabad,48
A523,Aisha,Ahmedabad,53
A524,Rahul,Kolkata,30
A525,Meera,Kochi,50
A526,Rohan,Delhi,73
A527,David,Hyderabad,67
A528,Ananya,Kolkata,39
A529,Meera,Jaipur,35
A530,Imran,Chennai,36
A531,Rohan,Hyderabad,71
A532,Vikram,Kochi,60
A533,Karan,Delhi,46
A534,Neha,Ahmedabad,40
A535,Arjun,Jaipur,66
A536,Neha,Kolkata,47
A537,Meera,Pune,73
A538,Aisha,Bengaluru,54
A539,Fatima,Bengaluru,72
A540,Ananya,Kolkata,20
A541,Arjun,Ahmedabad,63
A542,Meera,Kolkata,42
A543,Sara,Delhi,49
A544,John,Delhi,50
A545,Vikram,Pune,73
A546,David,Ahmedabad,24
A547,Neha,Ahmedabad,18
A548,Rohan,Delhi,44
A549,Imran,Delhi,22
A550,Karan,Hyderabad,39
A551,Vikram,Kolkata,59
A552,David,Pune,72
A553,Sara,Jaipur,42
A554,Arjun,Ahmedabad,73
A555,Neha,Chennai,57
A556,David,Bengaluru,58
A557,Sara,Hyderabad,32
A558,Rohan,Mumbai,45
A559,David,Mumbai,46
A560,Rahul,Hyderabad,75
A561,John,Chennai,38
A562,Ananya,Chennai,36
A563,Arjun,Pune,45
A564,Rahul,Bengaluru,51
A565,Fatima,Kochi,61
A566,Ananya,Delhi,28
A567,Rahul,Mumbai,57
A568,Imran,Kolkata,57
A569,Sara,Bengaluru,49
A570,Meera,Kochi,27
A571,Aisha,Ahmedabad,58
A572,Priya,Ahmedabad,34
A573,Sara,Chennai,75
A574,Ananya,Ahmedabad,75
A575,Priya,Jaipur,28
A576,David,Ahmedabad,40
A577,Vikram,Hyderabad,58
A578,Fatima,Hyderabad,47
A579,Imran,Hyderabad,30
A580,Fatima,Ahmedabad,24
A581,Aisha,Kolkata,54
A582,Arjun,Kochi,36
A583,Rohan,Hyderabad,19
A584,Imran,Kolkata,35
A585,John,Kochi,73
A586,Sara,Chennai,56
A587,Rohan,Ahmedabad,71
A588,Meera,Hyderabad,67
A589,Ananya,Bengaluru,56
A590,Ananya,Pune,32
A591,Sara,Bengaluru,57
A592,Priya,Delhi,58
A593,David,Chennai,37
A594,Ananya,Ahmedabad,20
A595,Vikram,Pune,64
A596,Rahul,Mumbai,36
A597,Arjun,Kolkata,29
A598,Aisha,Delhi,68
A599,Neha,Pune,51
A600,Neha,Hyderabad,71
A601,Rahul,Hyderabad,70
A602,Karan,Hyderabad,65
A603,Imran,Pune,69
A604,David,Ahmedabad,22
A605,Rahul,Bengaluru,73
A606,Sara,Kolkata,72
A607,Ananya,Jaipur,41
A608,David,Kolkata,18
A609,Priya,Jaipur,25
A610,Karan,Pune,61
A611,Rohan,Hyderabad,55
A612,Fatima,Pune,24
A613,Sara,Bengaluru,48
A614,John,Kochi,74
A615,Neha,Pune,57
A616,Aisha,Mumbai,58
A617,Imran,Ahmedabad,62
A618,Priya,Kolkata,25
A619,Rahul,Chennai,20
A620,Priya,Ahmedabad,25
A621,David,Bengaluru,74
A622,Neha,Delhi,42
A623,Karan,Pune,60
A624,Rohan,Jaipur,44
A625,Vikram,Delhi,74
A626,Fatima,Mumbai,71
A627,Karan,Kochi,44
A628,Priya,Chennai,62
A629,Arjun,Bengaluru,46
A630,Karan,Bengaluru,72
A631,Arjun,Mumbai,61
A632,Arjun,Jaipur,75
A633,Sara,Pune,21
A634,Fatima,Hyderabad,30
A635,David,Ahmedabad,23
A636,Sara,Bengaluru,59
A637,Sara,Kochi,19
A638,John,Pune,33
A639,Rahul,Kochi,31
A640,David,Jaipur,31
A641,Vikram,Bengaluru,70
A642,Imran,Bengaluru,39
A643,Ananya,Delhi,68
A644,Meera,Kochi,18
A645,Priya,Delhi,26
A646,Neha,Hyderabad,69
A647,Rahul,Mumbai,60
A648,Imran,Chennai,26
A649,John,Pune,68
A650,Ananya,Bengaluru,55
A651,Arjun,Chennai,29
A652,Priya,Chennai,26
A653,Rohan,Kolkata,51
A654,David,Mumbai,48
A655,Karan,Pune,50
A656,Vikram,Mumbai,46
A657,Neha,Bengaluru,57
A658,John,Jaipur,37
A659,Karan,Chennai,21
A660,Karan,Kolkata,45
A661,Sara,Mumbai,49
A662,Rohan,Ahmedabad,22
A663,Meera,Mumbai,38
A664,Vikram,Delhi,22
A665,Rahul,Hyderabad,57
A666,Sara,Kochi,53
A667,Rohan,Pune,42
A668,Vikram,Jaipur,36
A669,Karan,Jaipur,56
A670,Fatima,Mumbai,68
A671,Rohan,Mumbai,72
A672,Sara,Jaipur,64
A673,Imran,Bengaluru,45
A674,Karan,Bengaluru,44
A675,Arjun,Ahmedabad,43
A676,Fatima,Mumbai,38
A677,Fatima,Pune,60
A678,Priya,Pune,27
A679,Sara,Ahmedabad,22
A680,David,Mumbai,23
A681,Fatima,Mumbai,65
A682,Rohan,Pune,69
A683,Rahul,Jaipur,21
A684,Vikram,Jaipur,53
A685,Arjun,Mumbai,44
A686,Arjun,Kolkata,73
A687,Meera,Chennai,36
A688,Vikram,Hyderabad,40
A689,David,Kochi,50
A690,Aisha,Delhi,60
A691,Karan,Bengaluru,72
A692,David,Pune,72
A693,Neha,Pune,25
A694,Ananya,Hyderabad,54
A695,Aisha,Kolkata,72
A696,Neha,Kochi,57
A697,Sara,Jaipur,19
A698,Vikram,Hyderabad,19
A699,Rahul,Hyderabad,62
A700,Ananya,Hyderabad,39
A701,Arjun,Chennai,29
A702,Imran,Delhi,54
A703,Sara,Kolkata,22
A704,Rahul,Chennai,23
A705,Rohan,Jaipur,31
A706,Fatima,Kolkata,47
A707,Arjun,Delhi,41
A708,Priya,Pune,67
A709,Vikram,Kochi,23
A710,Meera,Chennai,27
A711,Rahul,Kochi,21
A712,Sara,Mumbai,35
A713,Karan,Kolkata,49
A714,Vikram,Ahmedabad,44
A715,Priya,Bengaluru,66
A716,Neha,Mumbai,40
A717,Fatima,Mumbai,36
A718,Sara,Kochi,49
A719,Neha,Hyderabad,20
A720,Aisha,Kolkata,56
A721,John,Chennai,31
A722,Priya,Bengaluru,67
A723,Rahul,Hyderabad,36
A724,Arjun,Mumbai,18
A725,Karan,Kolkata,29
A726,Rahul,Kolkata,52
A727,Rohan,Bengaluru,50
A728,Neha,Pune,22
A729,Fatima,Chennai,45
A730,John,Ahmedabad,22
A731,Imran,Pune,54
A732,Fatima,Kochi,43
A733,Rohan,Kolkata,36
A734,David,Kolkata,19
A735,Arjun,Delhi,69
A736,Vikram,Ahmedabad,71
A737,Rohan,Pune,23
A738,Fatima,Mumbai,33
A739,Fatima,Kochi,43
A740,Neha,Mumbai,43
A741,Imran,Hyderabad,65
A742,Arjun,Bengaluru,39
A743,Ananya,Delhi,22
A744,Neha,Mumbai,51
A745,Neha,Bengaluru,75
A746,Ananya,Pune,40
A747,Rohan,Delhi,33
A748,David,Delhi,34
A749,Aisha,Delhi,56
A750,Rahul,Mumbai,29
A751,Ananya,Ahmedabad,47
A752,Ananya,Kochi,66
A753,Vikram,Ahmedabad,61
A754,Meera,Kochi,59
A755,Sara,Kochi,38
A756,Imran,Pune,27
A757,Karan,Mumbai,48
A758,Karan,Hyderabad,68
A759,Priya,Kochi,21
A760,Arjun,Jaipur,22
A761,Priya,Ahmedabad,46
A762,John,Chennai,41
A763,Imran,Hyderabad,22
A764,Sara,Mumbai,57
A765,Vikram,Jaipur,42
A766,Karan,Kochi,53
A767,Ananya,Chennai,46
A768,Meera,Kochi,59
A769,Aisha,Pune,56
A770,Karan,Jaipur,27
A771,John,Ahmedabad,24
A772,Ananya,Pune,63
A773,David,Jaipur,59
A774,Rahul,Chennai,33
A775,Rohan,Ahmedabad,46
A776,Neha,Jaipur,57
A777,Rahul,Pune,41
A778,Meera,Hyderabad,42
A779,Fatima,Pune,61
A780,Vikram,Chennai,68
A781,Sara,Pune,22
A782,Arjun,Mumbai,53
A783,Sara,Kolkata,36
A784,Priya,Kochi,73
A785,Rahul,Pune,23
A786,Vikram,Delhi,40
A787,Priya,Kolkata,26
A788,Vikram,Mumbai,37
A789,Neha,Kolkata,59
A790,Ananya,Pune,70
A791,Rahul,Jaipur,23
A792,Sara,Kolkata,50
A793,Arjun,Chennai,41
A794,Priya,Delhi,31
A795,Arjun,Ahmedabad,30
A796,Aisha,Delhi,27
A797,David,Hyderabad,72
A798,Ananya,Mumbai,50
A799,Ananya,Jaipur,71
A800,Rohan,Jaipur,20
A801,Sara,Pune,74
A802,Ananya,Kochi,26
A803,Vikram,Kolkata,27
A804,Rahul,Delhi,71
A805,Rohan,Kochi,69
A806,Meera,Delhi,64
A807,Karan,Chennai,44
A808,Arjun,Bengaluru,46
A809,Vikram,Hyderabad,66
A810,Rohan,Ahmedabad,32
A811,Neha,Bengaluru,37
A812,Ananya,Ahmedabad,75
A813,Imran,Bengaluru,41
A814,Sara,Kochi,46
A815,Karan,Hyderabad,67
A816,Fatima,Jaipur,51
A817,Fatima,Delhi,70
A818,Aisha,Kochi,26
A819,Imran,Hyderabad,21
A820,Sara,Ahmedabad,73
A821,Arjun,Jaipur,24
A822,Rohan,Jaipur,72
A823,David,Hyderabad,23
A824,Ananya,Delhi,35
A825,Karan,Jaipur,27
A826,Imran,Kolkata,23
A827,Meera,Bengaluru,70
A828,Karan,Pune,19
A829,Fatima,Chennai,43
A830,Neha,Pune,33
A831,Fatima,Mumbai,41
A832,Aisha,Chennai,38
A833,Meera,Mumbai,71
A834,Rohan,Pune,68
A835,Rahul,Delhi,20
A836,Priya,Ahmedabad,62
A837,Imran,Delhi,66
A838,Rohan,Ahmedabad,46
A839,Vikram,Chennai,75
A840,David,Chennai,34
A841,Aisha,Delhi,53
A842,Rohan,Kochi,51
A843,Fatima,Mumbai,67
A844,Priya,Bengaluru,37
A845,David,Chennai,33
A846,Fatima,Kochi,47
A847,David,Mumbai,71
A848,Meera,Ahmedabad,56
A849,Neha,Chennai,58
A850,Neha,Kochi,33
A851,Rohan,Delhi,36
A852,Fatima,Chennai,57
A853,Arjun,Bengaluru,54
A854,Fatima,Delhi,60
A855,Sara,Mumbai,51
A856,Arjun,Mumbai,51
A857,Neha,Jaipur,68
A858,Neha,Jaipur,19
A859,Fatima,Ahmedabad,20
A860,Sara,Kolkata,41
A861,Priya,Chennai,40
A862,Ananya,Mumbai,40
A863,Aisha,Mumbai,67
A864,Vikram,Pune,26
A865,John,Pune,52
A866,Arjun,Delhi,71
A867,Ananya,Ahmedabad,62
A868,Karan,Delhi,69
A869,Rahul,Mumbai,63
A870,Ananya,Ahmedabad,20
A871,Priya,Bengaluru,20
A872,Ananya,Bengaluru,74
A873,John,Pune,37
A874,Neha,Kolkata,70
A875,Neha,Ahmedabad,34
A876,John,Bengaluru,36
A877,Arjun,Chennai,73
A878,Sara,Pune,35
A879,David,Pune,45
A880,Meera,Kolkata,65
A881,Karan,Kolkata,39
A882,Rahul,Ahmedabad,62
A883,Karan,Pune,69
A884,Neha,Hyderabad,69
A885,David,Kolkata,23
A886,Fatima,Kochi,70
A887,Rahul,Jaipur,36
A888,Arjun,Mumbai,23
A889,Arjun,Hyderabad,37
A890,Karan,Kochi,63
A891,Fatima,Delhi,62
A892,Karan,Pune,46
A893,John,Pune,57
A894,Fatima,Hyderabad,58
A895,Ananya,Chennai,22
A896,Sara,Kolkata,41
A897,Neha,Delhi,19
A898,Rahul,Kochi,61
A899,Ananya,Ahmedabad,20
A900,Rahul,Mumbai,33
A901,Ananya,Pune,41
A902,Fatima,Kochi,20
A903,Vikram,Delhi,61
A904,Karan,Pune,41
A905,Karan,Mumbai,54
A906,Rahul,Jaipur,41
A907,Fatima,Pune,59
A908,Priya,Bengaluru,25
A909,John,Delhi,49
A910,Neha,Kolkata,53
A911,David,Hyderabad,67
A912,Priya,Ahmedabad,31
A913,Vikram,Hyderabad,62
A914,Meera,Ahmedabad,30
A915,David,Delhi,72
A916,David,Ahmedabad,29
A917,Meera,Ahmedabad,23
A918,Ananya,Pune,60
A919,Arjun,Mumbai,53
A920,Neha,Hyderabad,75
A921,Priya,Delhi,63
A922,Rohan,Delhi,68
A923,Arjun,Jaipur,32
A924,David,Bengaluru,68
A925,Rahul,Bengaluru,68
A926,Karan,Chennai,41
A927,Neha,Kochi,41
A928,Karan,Jaipur,26
A929,Vikram,Mumbai,22
A930,Priya,Kolkata,63
A931,Rohan,Ahmedabad,51
A932,Fatima,Kolkata,70
A933,Vikram,Mumbai,26
A934,Arjun,Mumbai,46
A935,Karan,Jaipur,40
A936,Rahul,Jaipur,58
A937,Vikram,Delhi,67
A938,Rahul,Kolkata,50
A939,Meera,Chennai,71
A940,David,Jaipur,27
A941,Priya,Delhi,28
A942,Arjun,Bengaluru,40
A943,Neha,Hyderabad,72
A944,David,Hyderabad,30
A945,Sara,Jaipur,35
A946,Rahul,Hyderabad,57
A947,Neha,Mumbai,50
A948,Sara,Delhi,55
A949,Vikram,Delhi,28
A950,Sara,Kochi,64
A951,Meera,Kochi,39
A952,Imran,Kochi,20
A953,Imran,Chennai,23
A954,John,Kochi,34
A955,Sara,Bengaluru,67
A956,Vikram,Kolkata,57
A957,Sara,Chennai,49
A958,Meera,Jaipur,36
A959,Sara,Hyderabad,48
A960,Aisha,Kolkata,37
A961,Karan,Mumbai,62
A962,John,Delhi,46
A963,Fatima,Ahmedabad,47
A964,Aisha,Pune,56
A965,Rahul,Pune,73
A966,Rohan,Pune,64
A967,Imran,Pune,43
A968,Rahul,Pune,50
A969,Neha,Mumbai,38
A970,Aisha,Ahmedabad,25
A971,Priya,Ahmedabad,33
A972,Rahul,Mumbai,21
A973,Priya,Kolkata,73
A974,Vikram,Kolkata,33
A975,Imran,Delhi,70
A976,Arjun,Kochi,64
A977,Arjun,Bengaluru,66
A978,Rahul,Ahmedabad,50
A979,Karan,Ahmedabad,74
A980,Priya,Ahmedabad,19
A981,David,Kolkata,50
A982,Karan,Bengaluru,31
A983,Vikram,Pune,21
A984,John,Hyderabad,49
A985,Vikram,Ahmedabad,36
A986,Neha,Chennai,72
A987,David,Kolkata,26
A988,Meera,Hyderabad,64
A989,Arjun,Kolkata,41
A990,John,Kolkata,21
A991,Vikram,Jaipur,30
A992,Arjun,Jaipur,36
A993,David,Kolkata,50
A994,Karan,Jaipur,35
A995,Imran,Kochi,61
A996,Vikram,Mumbai,26
A997,David,Kolkata,41
A998,Ananya,Pune,53
A999,Arjun,Delhi,30
A1000,Vikram,Jaipur,43
A1001,Neha,Chennai,20
A1002,John,Delhi,63
A1003,Arjun,Ahmedabad,51
A1004,Karan,Delhi,56
A1005,Meera,Jaipur,26
A1006,Arjun,Kochi,38
A1007,Rahul,Kolkata,57
A1008,Rohan,Hyderabad,55
A1009,Arjun,Jaipur,71
A1010,Neha,Jaipur,49
A1011,Rohan,Kochi,37
A1012,Karan,Chennai,41
A1013,Arjun,Mumbai,44
A1014,Vikram,Hyderabad,68
A1015,Meera,Chennai,56
A1016,Karan,Hyderabad,59
A1017,Ananya,Kochi,54
A1018,Aisha,Chennai,55
A1019,Karan,Delhi,51
A1020,Sara,Kochi,67
A1021,Imran,Kolkata,27
A1022,Imran,Bengaluru,20
A1023,Vikram,Mumbai,30
A1024,John,Ahmedabad,38
A1025,Fatima,Delhi,44
A1026,Rohan,Bengaluru,44
A1027,Neha,Kochi,48
A1028,Imran,Chennai,63
A1029,Rahul,Jaipur,31
A1030,Neha,Pune,60
A1031,Karan,Jaipur,42
A1032,Arjun,Delhi,47
A1033,Meera,Jaipur,39
A1034,Neha,Pune,61
A1035,Ananya,Hyderabad,57
A1036,Karan,Bengaluru,33
A1037,Priya,Jaipur,37
A1038,Aisha,Hyderabad,67
A1039,Priya,Bengaluru,62
A1040,Rohan,Ahmedabad,38
A1041,Karan,Pune,53
A1042,Meera,Hyderabad,36
A1043,David,Kochi,61
A1044,Neha,Kolkata,75
A1045,Fatima,Pune,67
A1046,Ananya,Delhi,36
A1047,John,Hyderabad,63
A1048,David,Pune,46
A1049,Sara,Hyderabad,65
A1050,Karan,Bengaluru,30
A1051,Imran,Jaipur,35
A1052,Meera,Jaipur,62
A1053,Priya,Delhi,24
A1054,Vikram,Kochi,33
A1055,Aisha,Chennai,60
A1056,Meera,Jaipur,32
A1057,Sara,Bengaluru,21
A1058,David,Kolkata,39
A1059,Rohan,Ahmedabad,24
A1060,Sara,Delhi,18
A1061,Neha,Delhi,44
A1062,Sara,Ahmedabad,48
A1063,Sara,Bengaluru,66
A1064,Priya,Pune,36
A1065,Sara,Chennai,67
A1066,David,Kochi,32
A1067,Neha,Chennai,29
A1068,Fatima,Delhi,20
A1069,Imran,Kolkata,68
A1070,Karan,Delhi,65
A1071,Imran,Hyderabad,74
A1072,John,Chennai,37
A1073,Vikram,Kochi,24
A1074,Meera,Pune,36
A1075,Karan,Jaipur,51
A1076,Karan,Delhi,72
A1077,Neha,Ahmedabad,35
A1078,Aisha,Mumbai,39
A1079,Rahul,Ahmedabad,59
A1080,Priya,Delhi,18
A1081,Rohan,Pune,68
A1082,Priya,Kochi,61
A1083,Ananya,Bengaluru,29
A1084,Vikram,Kolkata,70
A1085,Fatima,Jaipur,38
A1086,David,Kolkata,60
A1087,David,Delhi,26
A1088,Karan,Pune,33
A1089,John,Hyderabad,42
A1090,Aisha,Ahmedabad,66
A1091,Priya,Pune,37
A1092,Vikram,Kochi,18
A1093,Priya,Pune,62
A1094,Aisha,Chennai,60
A1095,David,Ahmedabad,37
A1096,Rahul,Kolkata,61
A1097,Neha,Hyderabad,62
A1098,David,Hyderabad,41
A1099,Vikram,Bengaluru,32
